"행정구역(시군구)별","연령별",2026.07,2026.07,2026.07
"행정구역(시군구)별","연령별",총인구수 (명),남자인구수 (명),여자인구수 (명)
"전국","계",51088284,25415250,25673034
"전국","0세",273178,139987,133191
"전국","1세",254443,130568,123875
"전국","2세",234028,119789,114239
"전국","3세",245891,125880,120011
"전국","4세",257737,131626,126111
"전국","5세",273891,140347,133544
"전국","6세",292433,149747,142686
"전국","7세",319502,164215,155287
"전국","8세",346931,177889,169042
"전국","9세",383053,196589,186464
"전국","10세",430066,219936,210130
"전국","11세",447364,229035,218329
"전국","12세",440600,225694,214906
"전국","13세",465035,238012,227023
"전국","14세",480193,246521,233672
"전국","15세",488912,251052,237860
"전국","16세",453099,233142,219957
"전국","17세",455429,234154,221275
"전국","18세",490286,251609,238677
"전국","19세",466702,239861,226841
"전국","20세",440791,227097,213694
"전국","21세",445424,229792,215632
"전국","22세",482262,249519,232743
"전국","23세",482609,250151,232458
"전국","24세",517637,269124,248513
"전국","25세",597267,310149,287118
"전국","26세",627973,326446,301527
"전국","27세",620172,323032,297140
"전국","28세",653338,338323,315015
"전국","29세",675096,349879,325217
"전국","30세",695758,365283,330475
"전국","31세",696063,368730,327333
"전국","32세",708634,375129,333505
"전국","33세",721659,381388,340271
"전국","34세",717132,375552,341580
"전국","35세",659105,343850,315255
"전국","36세",645884,338840,307044
"전국","37세",628871,328246,300625
"전국","38세",610581,314593,295988
"전국","39세",619048,316872,302176
"전국","40세",640047,329596,310451
"전국","41세",642679,329391,313288
"전국","42세",694015,354621,339394
"전국","43세",767051,390343,376708
"전국","44세",828312,420782,407530
"전국","45세",834150,426063,408087
"전국","46세",835858,423695,412163
"전국","47세",769297,389598,379699
"전국","48세",747522,378663,368859
"전국","49세",752780,383525,369255
"전국","50세",744751,377292,367459
"전국","51세",800478,404476,396002
"전국","52세",869299,439446,429853
"전국","53세",882492,444385,438107
"전국","54세",881042,448526,432516
"전국","55세",928866,470337,458529
"전국","56세",883810,445964,437846
"전국","57세",922358,461055,461303
"전국","58세",861866,428341,433525
"전국","59세",815316,408265,407051
"전국","60세",813631,411616,402015
"전국","61세",816379,407006,409373
"전국","62세",740987,370587,370400
"전국","63세",850403,428803,421600
"전국","64세",786178,391035,395143
"전국","65세",928130,453817,474313
"전국","66세",867219,420099,447120
"전국","67세",778707,379552,399155
"전국","68세",727978,356219,371759
"전국","69세",679444,328600,350844
"전국","70세",635493,304465,331028
"전국","71세",650729,307554,343175
"전국","72세",517063,243672,273391
"전국","73세",486125,226832,259293
"전국","74세",489705,227402,262303
"전국","75세",370006,169662,200344
"전국","76세",407135,185407,221728
"전국","77세",393703,177095,216608
"전국","78세",382094,170695,211399
"전국","79세",366659,160011,206648
"전국","80세",245655,106677,138978
"전국","81세",277628,115679,161949
"전국","82세",258501,102816,155685
"전국","83세",279408,109484,169924
"전국","84세",270779,102930,167849
"전국","85세",212461,77431,135030
"전국","86세",185896,64605,121291
"전국","87세",168407,56231,112176
"전국","88세",140161,44737,95424
"전국","89세",119472,36020,83452
"전국","90세",99793,28194,71599
"전국","91세",80117,21416,58701
"전국","92세",60126,14903,45223
"전국","93세",45037,10482,34555
"전국","94세",34129,7360,26769
"전국","95세",22781,4510,18271
"전국","96세",17688,3183,14505
"전국","97세",13010,2560,10450
"전국","98세",8634,1493,7141
"전국","99세",5685,885,4800
"전국","100세 이상",9082,1513,7569
"서울특별시","계",9284263,4468307,4815956
"서울특별시","0세",47967,24582,23385
"서울특별시","1세",42183,21586,20597
"서울특별시","2세",37260,19008,18252
"서울특별시","3세",38699,19788,18911
"서울특별시","4세",40153,20602,19551
"서울특별시","5세",42719,21967,20752
"서울특별시","6세",44758,23114,21644
"서울특별시","7세",48827,25407,23420
"서울특별시","8세",52098,26720,25378
"서울특별시","9세",57308,29303,28005
"서울특별시","10세",64892,33083,31809
"서울특별시","11세",67633,34554,33079
"서울특별시","12세",66519,34314,32205
"서울특별시","13세",70698,36256,34442
"서울특별시","14세",72579,37202,35377
"서울특별시","15세",73859,37866,35993
"서울특별시","16세",69769,35750,34019
"서울특별시","17세",70321,35850,34471
"서울특별시","18세",78568,39917,38651
"서울특별시","19세",80291,39675,40616
"서울특별시","20세",80572,38422,42150
"서울특별시","21세",85182,39541,45641
"서울특별시","22세",97831,45499,52332
"서울특별시","23세",102911,47500,55411
"서울특별시","24세",113763,52225,61538
"서울특별시","25세",136319,62958,73361
"서울특별시","26세",146372,67533,78839
"서울특별시","27세",147423,69050,78373
"서울특별시","28세",156694,73183,83511
"서울특별시","29세",160778,76223,84555
"서울특별시","30세",163918,79696,84222
"서울특별시","31세",161778,80343,81435
"서울특별시","32세",162582,81455,81127
"서울특별시","33세",162658,81993,80665
"서울특별시","34세",159143,79822,79321
"서울특별시","35세",143481,72307,71174
"서울특별시","36세",136538,68961,67577
"서울특별시","37세",131841,66294,65547
"서울특별시","38세",124282,61778,62504
"서울특별시","39세",123711,61183,62528
"서울특별시","40세",124815,62022,62793
"서울특별시","41세",123279,61012,62267
"서울특별시","42세",130383,65035,65348
"서울특별시","43세",138702,68504,70198
"서울특별시","44세",147388,72887,74501
"서울특별시","45세",147819,73704,74115
"서울특별시","46세",146996,71936,75060
"서울특별시","47세",134789,66150,68639
"서울특별시","48세",129216,63331,65885
"서울특별시","49세",131720,64737,66983
"서울특별시","50세",129259,63620,65639
"서울특별시","51세",138110,67854,70256
"서울특별시","52세",148482,73071,75411
"서울특별시","53세",151873,74409,77464
"서울특별시","54세",154081,76447,77634
"서울특별시","55세",160612,79224,81388
"서울특별시","56세",151266,74580,76686
"서울특별시","57세",153282,74986,78296
"서울특별시","58세",141111,68566,72545
"서울특별시","59세",131518,64131,67387
"서울특별시","60세",130419,64191,66228
"서울특별시","61세",132352,63877,68475
"서울특별시","62세",123149,59381,63768
"서울특별시","63세",137583,66957,70626
"서울특별시","64세",126452,60886,65566
"서울특별시","65세",148141,69218,78923
"서울특별시","66세",143394,66394,77000
"서울특별시","67세",130861,61144,69717
"서울특별시","68세",125399,58766,66633
"서울특별시","69세",117953,54232,63721
"서울특별시","70세",111775,51179,60596
"서울특별시","71세",116559,52960,63599
"서울특별시","72세",93632,42542,51090
"서울특별시","73세",88460,40119,48341
"서울특별시","74세",87131,39493,47638
"서울특별시","75세",66522,30008,36514
"서울특별시","76세",75225,33576,41649
"서울특별시","77세",72096,31702,40394
"서울특별시","78세",71046,31317,39729
"서울특별시","79세",69719,30361,39358
"서울특별시","80세",48096,20619,27477
"서울특별시","81세",51292,22156,29136
"서울특별시","82세",46928,19723,27205
"서울특별시","83세",48768,20572,28196
"서울특별시","84세",46921,19539,27382
"서울특별시","85세",36157,14759,21398
"서울특별시","86세",30487,11882,18605
"서울특별시","87세",27058,10180,16878
"서울특별시","88세",22340,8165,14175
"서울특별시","89세",18645,6371,12274
"서울특별시","90세",15178,5049,10129
"서울특별시","91세",11907,3717,8190
"서울특별시","92세",9027,2579,6448
"서울특별시","93세",6710,1895,4815
"서울특별시","94세",5081,1303,3778
"서울특별시","95세",3497,852,2645
"서울특별시","96세",2725,574,2151
"서울특별시","97세",2107,524,1583
"서울특별시","98세",1452,329,1123
"서울특별시","99세",949,179,770
"서울특별시","100세 이상",1491,321,1170
"전남광주통합특별시","계",3157777,1579191,1578586
"전남광주통합특별시","0세",16144,8259,7885
"전남광주통합특별시","1세",14977,7638,7339
"전남광주통합특별시","2세",14080,7112,6968
"전남광주통합특별시","3세",14830,7565,7265
"전남광주통합특별시","4세",15624,7975,7649
"전남광주통합특별시","5세",17034,8691,8343
"전남광주통합특별시","6세",18064,9140,8924
"전남광주통합특별시","7세",19876,10081,9795
"전남광주통합특별시","8세",21508,11107,10401
"전남광주통합특별시","9세",23747,12265,11482
"전남광주통합특별시","10세",26884,13701,13183
"전남광주통합특별시","11세",27792,14349,13443
"전남광주통합특별시","12세",27978,14256,13722
"전남광주통합특별시","13세",30056,15441,14615
"전남광주통합특별시","14세",31085,15780,15305
"전남광주통합특별시","15세",31938,16436,15502
"전남광주통합특별시","16세",29949,15529,14420
"전남광주통합특별시","17세",29770,15224,14546
"전남광주통합특별시","18세",31733,16386,15347
"전남광주통합특별시","19세",29597,15535,14062
"전남광주통합특별시","20세",27633,14729,12904
"전남광주통합특별시","21세",27656,14765,12891
"전남광주통합특별시","22세",29190,15659,13531
"전남광주통합특별시","23세",28879,15723,13156
"전남광주통합특별시","24세",30177,16487,13690
"전남광주통합특별시","25세",33791,18513,15278
"전남광주통합특별시","26세",34919,19032,15887
"전남광주통합특별시","27세",34324,18334,15990
"전남광주통합특별시","28세",35540,19006,16534
"전남광주통합특별시","29세",36686,19541,17145
"전남광주통합특별시","30세",37476,20143,17333
"전남광주통합특별시","31세",36940,19800,17140
"전남광주통합특별시","32세",37000,19924,17076
"전남광주통합특별시","33세",37046,19707,17339
"전남광주통합특별시","34세",36238,19007,17231
"전남광주통합특별시","35세",33161,17412,15749
"전남광주통합특별시","36세",32395,17061,15334
"전남광주통합특별시","37세",31296,16309,14987
"전남광주통합특별시","38세",31029,15952,15077
"전남광주통합특별시","39세",32342,16510,15832
"전남광주통합특별시","40세",34140,17526,16614
"전남광주통합특별시","41세",35174,18184,16990
"전남광주통합특별시","42세",39203,20091,19112
"전남광주통합특별시","43세",44187,22888,21299
"전남광주통합특별시","44세",47951,24718,23233
"전남광주통합특별시","45세",46909,24151,22758
"전남광주통합특별시","46세",48483,24822,23661
"전남광주통합특별시","47세",46007,23351,22656
"전남광주통합특별시","48세",44954,22960,21994
"전남광주통합특별시","49세",46442,24068,22374
"전남광주통합특별시","50세",45235,23497,21738
"전남광주통합특별시","51세",48654,25081,23573
"전남광주통합특별시","52세",53884,27978,25906
"전남광주통합특별시","53세",55438,28566,26872
"전남광주통합특별시","54세",54386,28341,26045
"전남광주통합특별시","55세",58733,30675,28058
"전남광주통합특별시","56세",55226,28587,26639
"전남광주통합특별시","57세",57812,29981,27831
"전남광주통합특별시","58세",56398,29106,27292
"전남광주통합특별시","59세",52759,27521,25238
"전남광주통합특별시","60세",55664,29178,26486
"전남광주통합특별시","61세",52186,26890,25296
"전남광주통합특별시","62세",48929,25159,23770
"전남광주통합특별시","63세",55464,28683,26781
"전남광주통합특별시","64세",49422,25187,24235
"전남광주통합특별시","65세",58633,29182,29451
"전남광주통합특별시","66세",57348,28140,29208
"전남광주통합특별시","67세",51503,25375,26128
"전남광주통합특별시","68세",47431,23597,23834
"전남광주통합특별시","69세",43007,21068,21939
"전남광주통합특별시","70세",39363,19425,19938
"전남광주통합특별시","71세",41804,20013,21791
"전남광주통합특별시","72세",32634,15456,17178
"전남광주통합특별시","73세",30787,14404,16383
"전남광주통합특별시","74세",33663,15607,18056
"전남광주통합특별시","75세",28975,13314,15661
"전남광주통합특별시","76세",29890,13626,16264
"전남광주통합특별시","77세",28958,13106,15852
"전남광주통합특별시","78세",28226,12405,15821
"전남광주통합특별시","79세",27947,11961,15986
"전남광주통합특별시","80세",19522,8342,11180
"전남광주통합특별시","81세",21616,8617,12999
"전남광주통합특별시","82세",18494,7076,11418
"전남광주통합특별시","83세",22637,8372,14265
"전남광주통합특별시","84세",22487,8129,14358
"전남광주통합특별시","85세",17767,5982,11785
"전남광주통합특별시","86세",15893,5083,10810
"전남광주통합특별시","87세",13750,4236,9514
"전남광주통합특별시","88세",11983,3365,8618
"전남광주통합특별시","89세",10216,2799,7417
"전남광주통합특별시","90세",8212,2060,6152
"전남광주통합특별시","91세",6651,1634,5017
"전남광주통합특별시","92세",5105,1094,4011
"전남광주통합특별시","93세",3719,799,2920
"전남광주통합특별시","94세",2877,544,2333
"전남광주통합특별시","95세",2055,350,1705
"전남광주통합특별시","96세",1732,271,1461
"전남광주통합특별시","97세",1008,201,807
"전남광주통합특별시","98세",663,119,544
"전남광주통합특별시","99세",428,66,362
"전남광주통합특별시","100세 이상",769,100,669
"부산광역시","계",3230982,1569321,1661661
"부산광역시","0세",15066,7728,7338
"부산광역시","1세",14086,7252,6834
"부산광역시","2세",12965,6610,6355
"부산광역시","3세",13712,7064,6648
"부산광역시","4세",14811,7542,7269
"부산광역시","5세",15429,7974,7455
"부산광역시","6세",16777,8655,8122
"부산광역시","7세",18298,9212,9086
"부산광역시","8세",20697,10669,10028
"부산광역시","9세",22972,11688,11284
"부산광역시","10세",25936,13342,12594
"부산광역시","11세",26747,13682,13065
"부산광역시","12세",26223,13467,12756
"부산광역시","13세",27107,13917,13190
"부산광역시","14세",27953,14345,13608
"부산광역시","15세",27946,14187,13759
"부산광역시","16세",25193,13024,12169
"부산광역시","17세",25125,12811,12314
"부산광역시","18세",27254,13877,13377
"부산광역시","19세",26478,13311,13167
"부산광역시","20세",25617,12635,12982
"부산광역시","21세",27056,13433,13623
"부산광역시","22세",30468,15555,14913
"부산광역시","23세",30339,15688,14651
"부산광역시","24세",31765,16432,15333
"부산광역시","25세",35925,18701,17224
"부산광역시","26세",36853,18931,17922
"부산광역시","27세",35239,17988,17251
"부산광역시","28세",36985,18601,18384
"부산광역시","29세",38519,19358,19161
"부산광역시","30세",39440,20387,19053
"부산광역시","31세",39608,20598,19010
"부산광역시","32세",40748,21042,19706
"부산광역시","33세",41712,21883,19829
"부산광역시","34세",41902,21768,20134
"부산광역시","35세",38264,19859,18405
"부산광역시","36세",38422,20068,18354
"부산광역시","37세",36968,19080,17888
"부산광역시","38세",35705,18166,17539
"부산광역시","39세",35897,18216,17681
"부산광역시","40세",37156,19075,18081
"부산광역시","41세",38131,19454,18677
"부산광역시","42세",41500,21011,20489
"부산광역시","43세",46243,23309,22934
"부산광역시","44세",50516,25522,24994
"부산광역시","45세",52349,26463,25886
"부산광역시","46세",52619,26571,26048
"부산광역시","47세",47501,23880,23621
"부산광역시","48세",45399,23016,22383
"부산광역시","49세",44516,22606,21910
"부산광역시","50세",43968,22012,21956
"부산광역시","51세",48208,23946,24262
"부산광역시","52세",51967,25938,26029
"부산광역시","53세",53001,26194,26807
"부산광역시","54세",53473,26584,26889
"부산광역시","55세",56035,27489,28546
"부산광역시","56세",54212,26562,27650
"부산광역시","57세",56632,27579,29053
"부산광역시","58세",53643,25720,27923
"부산광역시","59세",51313,24569,26744
"부산광역시","60세",51622,25078,26544
"부산광역시","61세",50330,23756,26574
"부산광역시","62세",47811,22875,24936
"부산광역시","63세",56999,27293,29706
"부산광역시","64세",54321,25606,28715
"부산광역시","65세",64974,29919,35055
"부산광역시","66세",61199,28144,33055
"부산광역시","67세",56541,26265,30276
"부산광역시","68세",54041,25331,28710
"부산광역시","69세",52651,24475,28176
"부산광역시","70세",49914,22751,27163
"부산광역시","71세",51419,23588,27831
"부산광역시","72세",41153,18937,22216
"부산광역시","73세",39668,17698,21970
"부산광역시","74세",39280,17780,21500
"부산광역시","75세",31057,13955,17102
"부산광역시","76세",33452,14800,18652
"부산광역시","77세",32184,13935,18249
"부산광역시","78세",30663,13246,17417
"부산광역시","79세",28106,12117,15989
"부산광역시","80세",18020,7867,10153
"부산광역시","81세",21649,9126,12523
"부산광역시","82세",19597,7991,11606
"부산광역시","83세",20731,8352,12379
"부산광역시","84세",18945,7364,11581
"부산광역시","85세",15158,5614,9544
"부산광역시","86세",12928,4608,8320
"부산광역시","87세",11166,3831,7335
"부산광역시","88세",8825,2933,5892
"부산광역시","89세",7469,2340,5129
"부산광역시","90세",5928,1703,4225
"부산광역시","91세",4721,1210,3511
"부산광역시","92세",3445,898,2547
"부산광역시","93세",2440,554,1886
"부산광역시","94세",1899,408,1491
"부산광역시","95세",1192,240,952
"부산광역시","96세",874,175,699
"부산광역시","97세",750,148,602
"부산광역시","98세",491,69,422
"부산광역시","99세",307,35,272
"부산광역시","100세 이상",473,60,413
"대구광역시","계",2347389,1148806,1198583
"대구광역시","0세",11504,5911,5593
"대구광역시","1세",11265,5729,5536
"대구광역시","2세",10210,5274,4936
"대구광역시","3세",10599,5401,5198
"대구광역시","4세",11541,5957,5584
"대구광역시","5세",12069,6225,5844
"대구광역시","6세",13658,7039,6619
"대구광역시","7세",14854,7721,7133
"대구광역시","8세",16427,8384,8043
"대구광역시","9세",18343,9393,8950
"대구광역시","10세",20223,10357,9866
"대구광역시","11세",20965,10713,10252
"대구광역시","12세",20527,10416,10111
"대구광역시","13세",21577,11041,10536
"대구광역시","14세",22352,11418,10934
"대구광역시","15세",22150,11393,10757
"대구광역시","16세",20285,10434,9851
"대구광역시","17세",20671,10659,10012
"대구광역시","18세",22542,11588,10954
"대구광역시","19세",21446,10874,10572
"대구광역시","20세",20640,10578,10062
"대구광역시","21세",21252,10983,10269
"대구광역시","22세",23104,12037,11067
"대구광역시","23세",22574,11927,10647
"대구광역시","24세",23589,12602,10987
"대구광역시","25세",26447,13982,12465
"대구광역시","26세",27460,14487,12973
"대구광역시","27세",25606,13566,12040
"대구광역시","28세",27265,14218,13047
"대구광역시","29세",28295,14532,13763
"대구광역시","30세",29437,15323,14114
"대구광역시","31세",29343,15551,13792
"대구광역시","32세",29814,15841,13973
"대구광역시","33세",30600,16337,14263
"대구광역시","34세",30811,16548,14263
"대구광역시","35세",28029,14975,13054
"대구광역시","36세",28331,15247,13084
"대구광역시","37세",27123,14650,12473
"대구광역시","38세",25892,13831,12061
"대구광역시","39세",26729,13965,12764
"대구광역시","40세",27434,14508,12926
"대구광역시","41세",27261,14143,13118
"대구광역시","42세",29728,15065,14663
"대구광역시","43세",33683,16566,17117
"대구광역시","44세",36355,17888,18467
"대구광역시","45세",37364,18592,18772
"대구광역시","46세",37297,18348,18949
"대구광역시","47세",34404,17035,17369
"대구광역시","48세",33339,16498,16841
"대구광역시","49세",34741,17297,17444
"대구광역시","50세",34553,17043,17510
"대구광역시","51세",37243,18248,18995
"대구광역시","52세",40433,19722,20711
"대구광역시","53세",41567,20215,21352
"대구광역시","54세",41704,20324,21380
"대구광역시","55세",43217,21133,22084
"대구광역시","56세",42541,20610,21931
"대구광역시","57세",43938,21308,22630
"대구광역시","58세",42536,20739,21797
"대구광역시","59세",39997,19311,20686
"대구광역시","60세",39470,19248,20222
"대구광역시","61세",39269,18838,20431
"대구광역시","62세",36086,17317,18769
"대구광역시","63세",40846,19838,21008
"대구광역시","64세",38612,18637,19975
"대구광역시","65세",44160,20916,23244
"대구광역시","66세",41190,19179,22011
"대구광역시","67세",37210,17662,19548
"대구광역시","68세",32734,15646,17088
"대구광역시","69세",32515,15285,17230
"대구광역시","70세",30546,14179,16367
"대구광역시","71세",30608,13901,16707
"대구광역시","72세",24585,11144,13441
"대구광역시","73세",25480,11257,14223
"대구광역시","74세",25150,11104,14046
"대구광역시","75세",18582,8171,10411
"대구광역시","76세",20099,8958,11141
"대구광역시","77세",20629,8895,11734
"대구광역시","78세",18828,7990,10838
"대구광역시","79세",17195,7163,10032
"대구광역시","80세",10237,4348,5889
"대구광역시","81세",12646,5009,7637
"대구광역시","82세",13068,4995,8073
"대구광역시","83세",14064,5448,8616
"대구광역시","84세",12717,4807,7910
"대구광역시","85세",10203,3546,6657
"대구광역시","86세",8914,3004,5910
"대구광역시","87세",7755,2594,5161
"대구광역시","88세",6578,2072,4506
"대구광역시","89세",5427,1675,3752
"대구광역시","90세",4492,1316,3176
"대구광역시","91세",3706,1027,2679
"대구광역시","92세",2552,618,1934
"대구광역시","93세",1899,450,1449
"대구광역시","94세",1523,365,1158
"대구광역시","95세",929,175,754
"대구광역시","96세",662,96,566
"대구광역시","97세",495,100,395
"대구광역시","98세",325,56,269
"대구광역시","99세",211,31,180
"대구광역시","100세 이상",308,46,262
"인천광역시","계",3063730,1529549,1534181
"인천광역시","0세",18187,9341,8846
"인천광역시","1세",17437,8970,8467
"인천광역시","2세",15727,8106,7621
"인천광역시","3세",16375,8396,7979
"인천광역시","4세",17007,8615,8392
"인천광역시","5세",17494,9003,8491
"인천광역시","6세",18929,9769,9160
"인천광역시","7세",20464,10501,9963
"인천광역시","8세",21265,10986,10279
"인천광역시","9세",23508,12003,11505
"인천광역시","10세",26085,13309,12776
"인천광역시","11세",27387,13937,13450
"인천광역시","12세",26350,13535,12815
"인천광역시","13세",27935,14225,13710
"인천광역시","14세",28862,14851,14011
"인천광역시","15세",29474,15139,14335
"인천광역시","16세",26864,13693,13171
"인천광역시","17세",27157,13907,13250
"인천광역시","18세",28774,14670,14104
"인천광역시","19세",27320,14065,13255
"인천광역시","20세",25731,13281,12450
"인천광역시","21세",25438,13306,12132
"인천광역시","22세",27945,14371,13574
"인천광역시","23세",28150,14303,13847
"인천광역시","24세",30684,15547,15137
"인천광역시","25세",35424,18133,17291
"인천광역시","26세",37890,19583,18307
"인천광역시","27세",37795,19603,18192
"인천광역시","28세",39773,20461,19312
"인천광역시","29세",41467,21527,19940
"인천광역시","30세",42804,22306,20498
"인천광역시","31세",43695,23018,20677
"인천광역시","32세",45454,23971,21483
"인천광역시","33세",47248,24935,22313
"인천광역시","34세",47634,24892,22742
"인천광역시","35세",43793,22864,20929
"인천광역시","36세",42486,22164,20322
"인천광역시","37세",41426,21657,19769
"인천광역시","38세",39657,20407,19250
"인천광역시","39세",39941,20664,19277
"인천광역시","40세",41723,21676,20047
"인천광역시","41세",41319,21539,19780
"인천광역시","42세",44276,22875,21401
"인천광역시","43세",48847,25068,23779
"인천광역시","44세",52477,27058,25419
"인천광역시","45세",52783,27254,25529
"인천광역시","46세",52841,27208,25633
"인천광역시","47세",47528,24537,22991
"인천광역시","48세",46347,23637,22710
"인천광역시","49세",45574,23485,22089
"인천광역시","50세",44728,23056,21672
"인천광역시","51세",48661,24714,23947
"인천광역시","52세",51688,26211,25477
"인천광역시","53세",52993,26593,26400
"인천광역시","54세",52677,26686,25991
"인천광역시","55세",55160,27624,27536
"인천광역시","56세",52785,26330,26455
"인천광역시","57세",54993,26917,28076
"인천광역시","58세",51461,24973,26488
"인천광역시","59세",48747,23987,24760
"인천광역시","60세",49110,24223,24887
"인천광역시","61세",50838,24975,25863
"인천광역시","62세",46072,22796,23276
"인천광역시","63세",52766,26367,26399
"인천광역시","64세",48057,23816,24241
"인천광역시","65세",55102,27150,27952
"인천광역시","66세",51558,25224,26334
"인천광역시","67세",45802,22453,23349
"인천광역시","68세",42474,20689,21785
"인천광역시","69세",38399,18611,19788
"인천광역시","70세",35145,16852,18293
"인천광역시","71세",35626,16926,18700
"인천광역시","72세",27515,12986,14529
"인천광역시","73세",25252,11913,13339
"인천광역시","74세",25040,11794,13246
"인천광역시","75세",17914,8281,9633
"인천광역시","76세",20681,9660,11021
"인천광역시","77세",19925,9006,10919
"인천광역시","78세",19328,8776,10552
"인천광역시","79세",19009,8206,10803
"인천광역시","80세",12689,5458,7231
"인천광역시","81세",13494,5669,7825
"인천광역시","82세",12462,5075,7387
"인천광역시","83세",13466,5240,8226
"인천광역시","84세",12758,4744,8014
"인천광역시","85세",9922,3544,6378
"인천광역시","86세",8544,2901,5643
"인천광역시","87세",8111,2619,5492
"인천광역시","88세",6694,2040,4654
"인천광역시","89세",5498,1545,3953
"인천광역시","90세",4885,1363,3522
"인천광역시","91세",3799,961,2838
"인천광역시","92세",2889,682,2207
"인천광역시","93세",2323,500,1823
"인천광역시","94세",1760,322,1438
"인천광역시","95세",1166,232,934
"인천광역시","96세",928,145,783
"인천광역시","97세",738,149,589
"인천광역시","98세",491,77,414
"인천광역시","99세",304,52,252
"인천광역시","100세 이상",552,85,467
"대전광역시","계",1442190,718202,723988
"대전광역시","0세",8339,4282,4057
"대전광역시","1세",7709,3955,3754
"대전광역시","2세",7156,3718,3438
"대전광역시","3세",7630,3951,3679
"대전광역시","4세",7536,3886,3650
"대전광역시","5세",8104,4164,3940
"대전광역시","6세",8224,4193,4031
"대전광역시","7세",9123,4639,4484
"대전광역시","8세",9916,5181,4735
"대전광역시","9세",11179,5667,5512
"대전광역시","10세",12264,6309,5955
"대전광역시","11세",12913,6672,6241
"대전광역시","12세",12736,6492,6244
"대전광역시","13세",13455,6876,6579
"대전광역시","14세",13775,7212,6563
"대전광역시","15세",14176,7311,6865
"대전광역시","16세",13142,6744,6398
"대전광역시","17세",13271,6885,6386
"대전광역시","18세",14837,7606,7231
"대전광역시","19세",15141,7441,7700
"대전광역시","20세",14485,6891,7594
"대전광역시","21세",15320,7591,7729
"대전광역시","22세",16989,8789,8200
"대전광역시","23세",16916,8935,7981
"대전광역시","24세",17930,9629,8301
"대전광역시","25세",19974,10516,9458
"대전광역시","26세",20494,10857,9637
"대전광역시","27세",20324,10748,9576
"대전광역시","28세",20949,11056,9893
"대전광역시","29세",21743,11387,10356
"대전광역시","30세",21674,11471,10203
"대전광역시","31세",21515,11570,9945
"대전광역시","32세",21335,11472,9863
"대전광역시","33세",21479,11555,9924
"대전광역시","34세",21107,11225,9882
"대전광역시","35세",19228,10077,9151
"대전광역시","36세",18490,10013,8477
"대전광역시","37세",17684,9536,8148
"대전광역시","38세",17340,9187,8153
"대전광역시","39세",17283,8938,8345
"대전광역시","40세",17616,9150,8466
"대전광역시","41세",17492,8971,8521
"대전광역시","42세",18850,9539,9311
"대전광역시","43세",20737,10544,10193
"대전광역시","44세",22590,11247,11343
"대전광역시","45세",22983,11550,11433
"대전광역시","46세",22545,11260,11285
"대전광역시","47세",21511,10657,10854
"대전광역시","48세",21051,10428,10623
"대전광역시","49세",21437,10584,10853
"대전광역시","50세",21058,10388,10670
"대전광역시","51세",22475,11268,11207
"대전광역시","52세",24934,12442,12492
"대전광역시","53세",25014,12295,12719
"대전광역시","54세",24516,12352,12164
"대전광역시","55세",26124,13140,12984
"대전광역시","56세",24575,12437,12138
"대전광역시","57세",26530,13084,13446
"대전광역시","58세",24108,11797,12311
"대전광역시","59세",22094,11026,11068
"대전광역시","60세",20840,10497,10343
"대전광역시","61세",22152,10769,11383
"대전광역시","62세",18993,9361,9632
"대전광역시","63세",21739,10749,10990
"대전광역시","64세",20887,10259,10628
"대전광역시","65세",25115,11978,13137
"대전광역시","66세",22994,10980,12014
"대전광역시","67세",19952,9445,10507
"대전광역시","68세",18722,8998,9724
"대전광역시","69세",17824,8645,9179
"대전광역시","70세",16833,7918,8915
"대전광역시","71세",17089,7948,9141
"대전광역시","72세",13541,6224,7317
"대전광역시","73세",12281,5822,6459
"대전광역시","74세",12363,5705,6658
"대전광역시","75세",9320,4248,5072
"대전광역시","76세",10649,4840,5809
"대전광역시","77세",10085,4522,5563
"대전광역시","78세",9294,4174,5120
"대전광역시","79세",8799,3859,4940
"대전광역시","80세",6002,2661,3341
"대전광역시","81세",6851,2830,4021
"대전광역시","82세",6477,2636,3841
"대전광역시","83세",6710,2643,4067
"대전광역시","84세",6713,2634,4079
"대전광역시","85세",4912,1828,3084
"대전광역시","86세",4283,1521,2762
"대전광역시","87세",4001,1346,2655
"대전광역시","88세",3378,1115,2263
"대전광역시","89세",2783,888,1895
"대전광역시","90세",2378,674,1704
"대전광역시","91세",1919,501,1418
"대전광역시","92세",1452,389,1063
"대전광역시","93세",1076,290,786
"대전광역시","94세",837,174,663
"대전광역시","95세",529,108,421
"대전광역시","96세",427,81,346
"대전광역시","97세",317,64,253
"대전광역시","98세",211,34,177
"대전광역시","99세",123,23,100
"대전광역시","100세 이상",214,35,179
"울산광역시","계",1086756,560290,526466
"울산광역시","0세",5937,3028,2909
"울산광역시","1세",5459,2831,2628
"울산광역시","2세",5048,2513,2535
"울산광역시","3세",5175,2677,2498
"울산광역시","4세",5594,2863,2731
"울산광역시","5세",6172,3132,3040
"울산광역시","6세",6734,3368,3366
"울산광역시","7세",7293,3780,3513
"울산광역시","8세",8247,4241,4006
"울산광역시","9세",9227,4781,4446
"울산광역시","10세",10343,5330,5013
"울산광역시","11세",10981,5684,5297
"울산광역시","12세",10806,5517,5289
"울산광역시","13세",11292,5742,5550
"울산광역시","14세",11359,5891,5468
"울산광역시","15세",11645,6041,5604
"울산광역시","16세",10653,5604,5049
"울산광역시","17세",10730,5638,5092
"울산광역시","18세",11123,5698,5425
"울산광역시","19세",9942,5394,4548
"울산광역시","20세",8822,5016,3806
"울산광역시","21세",8454,4879,3575
"울산광역시","22세",8713,4978,3735
"울산광역시","23세",8593,4874,3719
"울산광역시","24세",9364,5329,4035
"울산광역시","25세",11199,6462,4737
"울산광역시","26세",12287,7264,5023
"울산광역시","27세",12070,7140,4930
"울산광역시","28세",13077,7555,5522
"울산광역시","29세",13759,7921,5838
"울산광역시","30세",14173,8206,5967
"울산광역시","31세",14053,8031,6022
"울산광역시","32세",14014,7937,6077
"울산광역시","33세",14523,8193,6330
"울산광역시","34세",14394,7912,6482
"울산광역시","35세",13500,7364,6136
"울산광역시","36세",13488,7466,6022
"울산광역시","37세",13171,7268,5903
"울산광역시","38세",12626,6852,5774
"울산광역시","39세",13060,6986,6074
"울산광역시","40세",13631,7198,6433
"울산광역시","41세",13563,7151,6412
"울산광역시","42세",15158,7849,7309
"울산광역시","43세",17030,8790,8240
"울산광역시","44세",18650,9581,9069
"울산광역시","45세",18886,9850,9036
"울산광역시","46세",19156,9942,9214
"울산광역시","47세",17424,9037,8387
"울산광역시","48세",16928,8865,8063
"울산광역시","49세",16597,8737,7860
"울산광역시","50세",16204,8258,7946
"울산광역시","51세",17557,8892,8665
"울산광역시","52세",18841,9393,9448
"울산광역시","53세",19409,9693,9716
"울산광역시","54세",19719,9877,9842
"울산광역시","55세",20673,10288,10385
"울산광역시","56세",20325,10062,10263
"울산광역시","57세",21540,10562,10978
"울산광역시","58세",20722,10348,10374
"울산광역시","59세",19974,10068,9906
"울산광역시","60세",20200,10527,9673
"울산광역시","61세",19677,10123,9554
"울산광역시","62세",17401,8884,8517
"울산광역시","63세",19530,10129,9401
"울산광역시","64세",18020,9215,8805
"울산광역시","65세",21267,10601,10666
"울산광역시","66세",18815,9348,9467
"울산광역시","67세",17047,8531,8516
"울산광역시","68세",15582,7711,7871
"울산광역시","69세",14459,7119,7340
"울산광역시","70세",13264,6460,6804
"울산광역시","71세",13194,6418,6776
"울산광역시","72세",10522,5097,5425
"울산광역시","73세",9870,4740,5130
"울산광역시","74세",9406,4540,4866
"울산광역시","75세",7442,3629,3813
"울산광역시","76세",7377,3550,3827
"울산광역시","77세",7075,3372,3703
"울산광역시","78세",6570,3088,3482
"울산광역시","79세",5731,2656,3075
"울산광역시","80세",3594,1657,1937
"울산광역시","81세",4269,1854,2415
"울산광역시","82세",3857,1549,2308
"울산광역시","83세",4241,1712,2529
"울산광역시","84세",3714,1397,2317
"울산광역시","85세",2848,1055,1793
"울산광역시","86세",2566,862,1704
"울산광역시","87세",2159,708,1451
"울산광역시","88세",1737,498,1239
"울산광역시","89세",1480,420,1060
"울산광역시","90세",1181,268,913
"울산광역시","91세",995,245,750
"울산광역시","92세",763,181,582
"울산광역시","93세",555,113,442
"울산광역시","94세",410,76,334
"울산광역시","95세",269,51,218
"울산광역시","96세",201,28,173
"울산광역시","97세",135,22,113
"울산광역시","98세",78,11,67
"울산광역시","99세",67,9,58
"울산광역시","100세 이상",101,9,92
"세종특별자치시","계",390972,194725,196247
"세종특별자치시","0세",3107,1626,1481
"세종특별자치시","1세",2974,1464,1510
"세종특별자치시","2세",2725,1360,1365
"세종특별자치시","3세",3147,1601,1546
"세종특별자치시","4세",3432,1727,1705
"세종특별자치시","5세",3657,1833,1824
"세종특별자치시","6세",3902,2030,1872
"세종특별자치시","7세",4329,2212,2117
"세종특별자치시","8세",4799,2412,2387
"세종특별자치시","9세",5083,2627,2456
"세종특별자치시","10세",5640,2877,2763
"세종특별자치시","11세",5852,3040,2812
"세종특별자치시","12세",5501,2801,2700
"세종특별자치시","13세",5785,2947,2838
"세종특별자치시","14세",5797,2961,2836
"세종특별자치시","15세",5795,3015,2780
"세종특별자치시","16세",5220,2626,2594
"세종특별자치시","17세",5212,2556,2656
"세종특별자치시","18세",5112,2500,2612
"세종특별자치시","19세",4351,2190,2161
"세종특별자치시","20세",3923,2073,1850
"세종특별자치시","21세",3547,1924,1623
"세종특별자치시","22세",3467,1831,1636
"세종특별자치시","23세",3273,1710,1563
"세종특별자치시","24세",3223,1709,1514
"세종특별자치시","25세",3448,1832,1616
"세종특별자치시","26세",3659,1878,1781
"세종특별자치시","27세",3641,1825,1816
"세종특별자치시","28세",3843,1874,1969
"세종특별자치시","29세",4093,2004,2089
"세종특별자치시","30세",4637,2267,2370
"세종특별자치시","31세",4900,2456,2444
"세종특별자치시","32세",5335,2721,2614
"세종특별자치시","33세",5684,2810,2874
"세종특별자치시","34세",6009,2956,3053
"세종특별자치시","35세",5930,2889,3041
"세종특별자치시","36세",5947,2953,2994
"세종특별자치시","37세",6004,3021,2983
"세종특별자치시","38세",6019,2964,3055
"세종특별자치시","39세",6294,3101,3193
"세종특별자치시","40세",6415,3162,3253
"세종특별자치시","41세",6658,3296,3362
"세종특별자치시","42세",7108,3440,3668
"세종특별자치시","43세",7892,3748,4144
"세종특별자치시","44세",8673,4179,4494
"세종특별자치시","45세",8508,4101,4407
"세종특별자치시","46세",8509,4223,4286
"세종특별자치시","47세",7678,3728,3950
"세종특별자치시","48세",7191,3524,3667
"세종특별자치시","49세",7100,3591,3509
"세종특별자치시","50세",6612,3302,3310
"세종특별자치시","51세",6803,3477,3326
"세종특별자치시","52세",7047,3652,3395
"세종특별자치시","53세",6586,3415,3171
"세종특별자치시","54세",6228,3385,2843
"세종특별자치시","55세",6373,3332,3041
"세종특별자치시","56세",5513,2923,2590
"세종특별자치시","57세",5657,2925,2732
"세종특별자치시","58세",4971,2534,2437
"세종특별자치시","59세",4403,2235,2168
"세종특별자치시","60세",4088,2035,2053
"세종특별자치시","61세",4490,2308,2182
"세종특별자치시","62세",3728,1902,1826
"세종특별자치시","63세",4287,2179,2108
"세종특별자치시","64세",3993,1971,2022
"세종특별자치시","65세",4740,2368,2372
"세종특별자치시","66세",4207,2029,2178
"세종특별자치시","67세",3726,1828,1898
"세종특별자치시","68세",3422,1663,1759
"세종특별자치시","69세",3192,1501,1691
"세종특별자치시","70세",3034,1534,1500
"세종특별자치시","71세",3070,1501,1569
"세종특별자치시","72세",2429,1146,1283
"세종특별자치시","73세",2063,1008,1055
"세종특별자치시","74세",2121,1032,1089
"세종특별자치시","75세",1572,745,827
"세종특별자치시","76세",1788,864,924
"세종특별자치시","77세",1683,791,892
"세종특별자치시","78세",1429,675,754
"세종특별자치시","79세",1391,618,773
"세종특별자치시","80세",926,416,510
"세종특별자치시","81세",1056,456,600
"세종특별자치시","82세",1029,418,611
"세종특별자치시","83세",1070,430,640
"세종특별자치시","84세",1051,414,637
"세종특별자치시","85세",813,282,531
"세종특별자치시","86세",746,255,491
"세종특별자치시","87세",665,216,449
"세종특별자치시","88세",568,186,382
"세종특별자치시","89세",473,152,321
"세종특별자치시","90세",422,120,302
"세종특별자치시","91세",414,99,315
"세종특별자치시","92세",299,67,232
"세종특별자치시","93세",219,40,179
"세종특별자치시","94세",156,32,124
"세종특별자치시","95세",123,28,95
"세종특별자치시","96세",91,13,78
"세종특별자치시","97세",58,8,50
"세종특별자치시","98세",57,7,50
"세종특별자치시","99세",29,6,23
"세종특별자치시","100세 이상",33,7,26
"경기도","계",13768157,6911412,6856745
"경기도","0세",83671,42833,40838
"경기도","1세",78423,40283,38140
"경기도","2세",72130,36960,35170
"경기도","3세",75860,38968,36892
"경기도","4세",79440,40556,38884
"경기도","5세",83344,42581,40763
"경기도","6세",87682,44575,43107
"경기도","7세",95253,49011,46242
"경기도","8세",102254,52158,50096
"경기도","9세",112535,57808,54727
"경기도","10세",126136,64216,61920
"경기도","11세",130524,66736,63788
"경기도","12세",127440,64998,62442
"경기도","13세",133858,68108,65750
"경기도","14세",138146,70640,67506
"경기도","15세",140105,71616,68489
"경기도","16세",129092,65904,63188
"경기도","17세",130237,66501,63736
"경기도","18세",140249,71823,68426
"경기도","19세",132137,67851,64286
"경기도","20세",121263,62881,58382
"경기도","21세",121196,62995,58201
"경기도","22세",130007,67412,62595
"경기도","23세",129722,67104,62618
"경기도","24세",141660,73625,68035
"경기도","25세",164964,85592,79372
"경기도","26세",173148,90638,82510
"경기도","27세",172195,90709,81486
"경기도","28세",181100,95467,85633
"경기도","29세",186692,98266,88426
"경기도","30세",194394,103152,91242
"경기도","31세",196491,104944,91547
"경기도","32세",202491,107747,94744
"경기도","33세",207840,110302,97538
"경기도","34세",208438,109523,98915
"경기도","35세",193551,100539,93012
"경기도","36세",188740,98688,90052
"경기도","37세",185205,96245,88960
"경기도","38세",180586,93221,87365
"경기도","39세",181662,93285,88377
"경기도","40세",187956,96732,91224
"경기도","41세",188568,96919,91649
"경기도","42세",201668,103543,98125
"경기도","43세",221955,113973,107982
"경기도","44세",240234,123015,117219
"경기도","45세",241385,123571,117814
"경기도","46세",240191,122123,118068
"경기도","47세",219754,111354,108400
"경기도","48세",212706,107711,104995
"경기도","49세",213946,108957,104989
"경기도","50세",210660,106918,103742
"경기도","51세",224186,113267,110919
"경기도","52세",242355,122271,120084
"경기도","53세",244226,122855,121371
"경기도","54세",245050,124468,120582
"경기도","55세",255759,128938,126821
"경기도","56세",240919,121280,119639
"경기도","57세",248930,123670,125260
"경기도","58세",228894,112753,116141
"경기도","59세",216191,107981,108210
"경기도","60세",213609,108064,105545
"경기도","61세",215235,107957,107278
"경기도","62세",193738,97750,95988
"경기도","63세",218075,110649,107426
"경기도","64세",197852,99097,98755
"경기도","65세",228832,113475,115357
"경기도","66세",211039,104304,106735
"경기도","67세",188839,93540,95299
"경기도","68세",175267,86933,88334
"경기도","69세",157417,76789,80628
"경기도","70세",146115,70861,75254
"경기도","71세",148323,70881,77442
"경기도","72세",115856,55314,60542
"경기도","73세",108080,51202,56878
"경기도","74세",106382,49945,56437
"경기도","75세",76735,35306,41429
"경기도","76세",85760,39145,46615
"경기도","77세",82735,37547,45188
"경기도","78세",82283,37069,45214
"경기도","79세",80696,35241,45455
"경기도","80세",55807,24341,31466
"경기도","81세",60740,25515,35225
"경기도","82세",55595,22293,33302
"경기도","83세",58368,23381,34987
"경기도","84세",56972,22333,34639
"경기도","85세",45687,17133,28554
"경기도","86세",39264,14106,25158
"경기도","87세",35720,12373,23347
"경기도","88세",30169,10008,20161
"경기도","89세",25779,8083,17696
"경기도","90세",21360,6210,15150
"경기도","91세",17076,4888,12188
"경기도","92세",12914,3347,9567
"경기도","93세",9858,2438,7420
"경기도","94세",7329,1697,5632
"경기도","95세",4975,1053,3922
"경기도","96세",3930,804,3126
"경기도","97세",2931,584,2347
"경기도","98세",1970,367,1603
"경기도","99세",1324,209,1115
"경기도","100세 이상",2127,420,1707
"강원특별자치도","계",1507224,758271,748953
"강원특별자치도","0세",7169,3706,3463
"강원특별자치도","1세",6855,3494,3361
"강원특별자치도","2세",6545,3288,3257
"강원특별자치도","3세",7111,3598,3513
"강원특별자치도","4세",7226,3675,3551
"강원특별자치도","5세",7579,3847,3732
"강원특별자치도","6세",8188,4181,4007
"강원특별자치도","7세",8594,4399,4195
"강원특별자치도","8세",9373,4795,4578
"강원특별자치도","9세",10111,5220,4891
"강원특별자치도","10세",11125,5746,5379
"강원특별자치도","11세",11619,5865,5754
"강원특별자치도","12세",11443,5891,5552
"강원특별자치도","13세",12327,6310,6017
"강원특별자치도","14세",12713,6584,6129
"강원특별자치도","15세",13442,6896,6546
"강원특별자치도","16세",12708,6616,6092
"강원특별자치도","17세",12604,6545,6059
"강원특별자치도","18세",13594,7026,6568
"강원특별자치도","19세",12938,6897,6041
"강원특별자치도","20세",12427,6615,5812
"강원특별자치도","21세",12592,6823,5769
"강원특별자치도","22세",13742,7605,6137
"강원특별자치도","23세",13610,7772,5838
"강원특별자치도","24세",13953,8115,5838
"강원특별자치도","25세",15338,8931,6407
"강원특별자치도","26세",15672,8913,6759
"강원특별자치도","27세",15333,8626,6707
"강원특별자치도","28세",16037,8876,7161
"강원특별자치도","29세",16272,9004,7268
"강원특별자치도","30세",16590,9106,7484
"강원특별자치도","31세",16544,9176,7368
"강원특별자치도","32세",16798,9239,7559
"강원특별자치도","33세",17024,9274,7750
"강원특별자치도","34세",16778,8894,7884
"강원특별자치도","35세",15459,8388,7071
"강원특별자치도","36세",15515,8297,7218
"강원특별자치도","37세",15072,8019,7053
"강원특별자치도","38세",14572,7688,6884
"강원특별자치도","39세",14993,7755,7238
"강원특별자치도","40세",15604,8205,7399
"강원특별자치도","41세",15922,8257,7665
"강원특별자치도","42세",17068,8778,8290
"강원특별자치도","43세",19390,9846,9544
"강원특별자치도","44세",21203,10707,10496
"강원특별자치도","45세",21079,10723,10356
"강원특별자치도","46세",21205,10704,10501
"강원특별자치도","47세",20232,10216,10016
"강원특별자치도","48세",20262,10293,9969
"강원특별자치도","49세",20237,10319,9918
"강원특별자치도","50세",20605,10461,10144
"강원특별자치도","51세",22423,11513,10910
"강원특별자치도","52세",25314,12972,12342
"강원특별자치도","53세",25551,13124,12427
"강원특별자치도","54세",25192,13195,11997
"강원특별자치도","55세",27199,14077,13122
"강원특별자치도","56세",26695,13759,12936
"강원특별자치도","57세",28168,14472,13696
"강원특별자치도","58세",27233,14091,13142
"강원특별자치도","59세",26019,13270,12749
"강원특별자치도","60세",26682,13665,13017
"강원특별자치도","61세",25517,12841,12676
"강원특별자치도","62세",24755,12511,12244
"강원특별자치도","63세",29490,15180,14310
"강원특별자치도","64세",27495,13928,13567
"강원특별자치도","65세",33615,16612,17003
"강원특별자치도","66세",31581,15363,16218
"강원특별자치도","67세",28852,14376,14476
"강원특별자치도","68세",28052,14039,14013
"강원특별자치도","69세",25941,13102,12839
"강원특별자치도","70세",23437,11703,11734
"강원특별자치도","71세",24265,11962,12303
"강원특별자치도","72세",19351,9457,9894
"강원특별자치도","73세",17317,8299,9018
"강원특별자치도","74세",18585,8818,9767
"강원특별자치도","75세",12010,5441,6569
"강원특별자치도","76세",12273,5558,6715
"강원특별자치도","77세",12846,5834,7012
"강원특별자치도","78세",13468,6069,7399
"강원특별자치도","79세",12917,5754,7163
"강원특별자치도","80세",9957,4350,5607
"강원특별자치도","81세",11563,4868,6695
"강원특별자치도","82세",10655,4168,6487
"강원특별자치도","83세",10753,4250,6503
"강원특별자치도","84세",10671,3989,6682
"강원특별자치도","85세",9107,3248,5859
"강원특별자치도","86세",7893,2690,5203
"강원특별자치도","87세",7003,2344,4659
"강원특별자치도","88세",6013,1956,4057
"강원특별자치도","89세",4765,1447,3318
"강원특별자치도","90세",4047,1148,2899
"강원특별자치도","91세",3194,756,2438
"강원특별자치도","92세",2377,566,1811
"강원특별자치도","93세",1777,398,1379
"강원특별자치도","94세",1371,287,1084
"강원특별자치도","95세",958,191,767
"강원특별자치도","96세",784,137,647
"강원특별자치도","97세",587,97,490
"강원특별자치도","98세",374,58,316
"강원특별자치도","99세",280,41,239
"강원특별자치도","100세 이상",460,93,367
"충청북도","계",1601156,816632,784524
"충청북도","0세",8805,4450,4355
"충청북도","1세",8211,4289,3922
"충청북도","2세",7563,3937,3626
"충청북도","3세",7931,4007,3924
"충청북도","4세",8103,4134,3969
"충청북도","5세",8541,4362,4179
"충청북도","6세",8917,4598,4319
"충청북도","7세",10002,5217,4785
"충청북도","8세",11077,5640,5437
"충청북도","9세",11893,6129,5764
"충청북도","10세",13275,6866,6409
"충청북도","11세",13401,6812,6589
"충청북도","12세",13575,6812,6763
"충청북도","13세",14418,7392,7026
"충청북도","14세",14946,7666,7280
"충청북도","15세",15219,7828,7391
"충청북도","16세",14275,7303,6972
"충청북도","17세",14155,7481,6674
"충청북도","18세",15287,7972,7315
"충청북도","19세",14447,7529,6918
"충청북도","20세",13838,7242,6596
"충청북도","21세",14090,7422,6668
"충청북도","22세",14976,8187,6789
"충청북도","23세",14495,8057,6438
"충청북도","24세",14941,8494,6447
"충청북도","25세",17453,9892,7561
"충청북도","26세",18024,10105,7919
"충청북도","27세",17903,10083,7820
"충청북도","28세",18895,10461,8434
"충청북도","29세",20077,11178,8899
"충청북도","30세",20821,11650,9171
"충청북도","31세",20572,11650,8922
"충청북도","32세",20989,11975,9014
"충청북도","33세",21209,11932,9277
"충청북도","34세",20401,11575,8826
"충청북도","35세",18743,10392,8351
"충청북도","36세",18470,10141,8329
"충청북도","37세",17796,9695,8101
"충청북도","38세",17692,9352,8340
"충청북도","39세",18245,9749,8496
"충청북도","40세",18738,9997,8741
"충청북도","41세",18695,9772,8923
"충청북도","42세",20339,10784,9555
"충청북도","43세",22656,11750,10906
"충청북도","44세",24373,12585,11788
"충청북도","45세",23752,12467,11285
"충청북도","46세",24218,12592,11626
"충청북도","47세",22523,11826,10697
"충청북도","48세",22446,11629,10817
"충청북도","49세",22229,11569,10660
"충청북도","50세",22762,11709,11053
"충청북도","51세",24511,12596,11915
"충청북도","52세",27144,13990,13154
"충청북도","53세",26978,13962,13016
"충청북도","54세",26127,13546,12581
"충청북도","55세",28400,14736,13664
"충청북도","56세",27570,14210,13360
"충청북도","57세",30809,15571,15238
"충청북도","58세",28193,14226,13967
"충청북도","59세",27440,14063,13377
"충청북도","60세",27447,14120,13327
"충청북도","61세",27624,14117,13507
"충청북도","62세",23276,11912,11364
"충청북도","63세",28196,14626,13570
"충청북도","64세",27106,13910,13196
"충청북도","65세",33763,17155,16608
"충청북도","66세",28858,14312,14546
"충청북도","67세",26672,13392,13280
"충청북도","68세",25683,13045,12638
"충청북도","69세",24015,12031,11984
"충청북도","70세",22089,11031,11058
"충청북도","71세",21500,10436,11064
"충청북도","72세",18142,8818,9324
"충청북도","73세",16143,7818,8325
"충청북도","74세",17176,8169,9007
"충청북도","75세",11566,5423,6143
"충청북도","76세",12081,5616,6465
"충청북도","77세",12187,5701,6486
"충청북도","78세",11998,5523,6475
"충청북도","79세",11311,4957,6354
"충청북도","80세",7896,3435,4461
"충청북도","81세",9319,3917,5402
"충청북도","82세",8821,3371,5450
"충청북도","83세",9848,3757,6091
"충청북도","84세",9682,3483,6199
"충청북도","85세",7448,2672,4776
"충청북도","86세",6648,2268,4380
"충청북도","87세",6217,1994,4223
"충청북도","88세",5268,1623,3645
"충청북도","89세",4603,1326,3277
"충청북도","90세",3936,1050,2886
"충청북도","91세",3123,836,2287
"충청북도","92세",2323,514,1809
"충청북도","93세",1688,366,1322
"충청북도","94세",1204,216,988
"충청북도","95세",803,137,666
"충청북도","96세",642,103,539
"충청북도","97세",465,85,380
"충청북도","98세",285,50,235
"충청북도","99세",215,32,183
"충청북도","100세 이상",315,49,266
"충청남도","계",2138955,1098752,1040203
"충청남도","0세",10969,5623,5346
"충청남도","1세",10336,5314,5022
"충청남도","2세",9753,5022,4731
"충청남도","3세",10179,5147,5032
"충청남도","4세",10886,5578,5308
"충청남도","5세",11823,6151,5672
"충청남도","6세",12795,6569,6226
"충청남도","7세",13958,7097,6861
"충청남도","8세",15199,7737,7462
"충청남도","9세",16719,8587,8132
"충청남도","10세",18713,9605,9108
"충청남도","11세",19468,9939,9529
"충청남도","12세",19400,10044,9356
"충청남도","13세",20514,10469,10045
"충청남도","14세",21334,10986,10348
"충청남도","15세",21618,11246,10372
"충청남도","16세",20427,10590,9837
"충청남도","17세",20092,10429,9663
"충청남도","18세",21304,10948,10356
"충청남도","19세",19703,10327,9376
"충청남도","20세",18779,9798,8981
"충청남도","21세",18449,9711,8738
"충청남도","22세",19154,10265,8889
"충청남도","23세",18716,10428,8288
"충청남도","24세",19112,10672,8440
"충청남도","25세",21417,11980,9437
"충청남도","26세",22504,12729,9775
"충청남도","27세",22223,12572,9651
"충청남도","28세",23468,13323,10145
"충청남도","29세",24378,13583,10795
"충청남도","30세",24986,14073,10913
"충청남도","31세",25251,14509,10742
"충청남도","32세",25525,14283,11242
"충청남도","33세",26256,14473,11783
"충청남도","34세",26333,14470,11863
"충청남도","35세",24352,13243,11109
"충청남도","36세",24436,13386,11050
"충청남도","37세",24563,13403,11160
"충청남도","38세",24892,13288,11604
"충청남도","39세",25653,13618,12035
"충청남도","40세",26215,14052,12163
"충청남도","41세",26232,14017,12215
"충청남도","42세",28655,15176,13479
"충청남도","43세",32357,17232,15125
"충청남도","44세",34767,18401,16366
"충청남도","45세",34500,18617,15883
"충청남도","46세",34738,18334,16404
"충청남도","47세",31781,17026,14755
"충청남도","48세",31226,16847,14379
"충청남도","49세",31183,16733,14450
"충청남도","50세",31090,16269,14821
"충청남도","51세",33304,17523,15781
"충청남도","52세",36034,19231,16803
"충청남도","53세",36119,19295,16824
"충청남도","54세",35216,19024,16192
"충청남도","55세",38096,20431,17665
"충청남도","56세",35434,18796,16638
"충청남도","57세",38985,20549,18436
"충청남도","58세",35360,18477,16883
"충청남도","59세",34034,17922,16112
"충청남도","60세",31400,16447,14953
"충청남도","61세",36906,19487,17419
"충청남도","62세",30306,15712,14594
"충청남도","63세",35868,18867,17001
"충청남도","64세",34217,17727,16490
"충청남도","65세",42315,21740,20575
"충청남도","66세",38651,19357,19294
"충청남도","67세",33349,16687,16662
"충청남도","68세",30913,15536,15377
"충청남도","69세",28922,14556,14366
"충청남도","70세",28358,14077,14281
"충청남도","71세",28987,14212,14775
"충청남도","72세",22797,10947,11850
"충청남도","73세",20456,9886,10570
"충청남도","74세",22225,10646,11579
"충청남도","75세",16905,7994,8911
"충청남도","76세",19713,9240,10473
"충청남도","77세",18621,8701,9920
"충청남도","78세",17330,8015,9315
"충청남도","79세",16467,7561,8906
"충청남도","80세",10721,4914,5807
"충청남도","81세",12455,5190,7265
"충청남도","82세",12682,4980,7702
"충청남도","83세",13624,5217,8407
"충청남도","84세",14326,5229,9097
"충청남도","85세",10341,3672,6669
"충청남도","86세",9526,3205,6321
"충청남도","87세",9655,3105,6550
"충청남도","88세",8036,2497,5539
"충청남도","89세",7176,2163,5013
"충청남도","90세",6210,1749,4461
"충청남도","91세",5061,1325,3736
"충청남도","92세",3860,986,2874
"충청남도","93세",2887,640,2247
"충청남도","94세",2262,499,1763
"충청남도","95세",1346,254,1092
"충청남도","96세",1034,214,820
"충청남도","97세",818,144,674
"충청남도","98세",488,73,415
"충청남도","99세",306,57,249
"충청남도","100세 이상",472,77,395
"전북특별자치도","계",1717841,856181,861660
"전북특별자치도","0세",7511,3842,3669
"전북특별자치도","1세",7059,3615,3444
"전북특별자치도","2세",6689,3434,3255
"전북특별자치도","3세",6962,3482,3480
"전북특별자치도","4세",7410,3763,3647
"전북특별자치도","5세",8136,4070,4066
"전북특별자치도","6세",8721,4504,4217
"전북특별자치도","7세",9640,4929,4711
"전북특별자치도","8세",10661,5450,5211
"전북특별자치도","9세",11896,6139,5757
"전북특별자치도","10세",13531,6955,6576
"전북특별자치도","11세",14662,7450,7212
"전북특별자치도","12세",14585,7496,7089
"전북특별자치도","13세",15660,8120,7540
"전북특별자치도","14세",16424,8478,7946
"전북특별자치도","15세",17153,8720,8433
"전북특별자치도","16세",15927,8259,7668
"전북특별자치도","17세",16339,8519,7820
"전북특별자치도","18세",17242,8953,8289
"전북특별자치도","19세",16264,8483,7781
"전북특별자치도","20세",15387,8107,7280
"전북특별자치도","21세",15416,8383,7033
"전북특별자치도","22세",15998,8627,7371
"전북특별자치도","23세",15831,8700,7131
"전북특별자치도","24세",16036,8830,7206
"전북특별자치도","25세",17719,9686,8033
"전북특별자치도","26세",17920,9835,8085
"전북특별자치도","27세",17345,9560,7785
"전북특별자치도","28세",17823,9625,8198
"전북특별자치도","29세",18035,9608,8427
"전북특별자치도","30세",18604,10129,8475
"전북특별자치도","31세",18493,9838,8655
"전북특별자치도","32세",18313,9852,8461
"전북특별자치도","33세",18303,9785,8518
"전북특별자치도","34세",17772,9230,8542
"전북특별자치도","35세",16721,8797,7924
"전북특별자치도","36세",16551,8775,7776
"전북특별자치도","37세",15929,8312,7617
"전북특별자치도","38세",15973,8165,7808
"전북특별자치도","39세",16330,8339,7991
"전북특별자치도","40세",17545,8906,8639
"전북특별자치도","41세",17713,8947,8766
"전북특별자치도","42세",19936,10147,9789
"전북특별자치도","43세",22275,11485,10790
"전북특별자치도","44세",23976,12070,11906
"전북특별자치도","45세",24367,12425,11942
"전북특별자치도","46세",24740,12687,12053
"전북특별자치도","47세",23728,12135,11593
"전북특별자치도","48세",24278,12435,11843
"전북특별자치도","49세",24463,12632,11831
"전북특별자치도","50세",24565,12550,12015
"전북특별자치도","51세",26596,13663,12933
"전북특별자치도","52세",30261,15624,14637
"전북특별자치도","53세",30140,15494,14646
"전북특별자치도","54세",29967,15714,14253
"전북특별자치도","55세",32366,16990,15376
"전북특별자치도","56세",29981,15639,14342
"전북특별자치도","57세",32295,16717,15578
"전북특별자치도","58세",30301,15727,14574
"전북특별자치도","59세",29380,15110,14270
"전북특별자치도","60세",30023,15530,14493
"전북특별자치도","61세",29192,15073,14119
"전북특별자치도","62세",26108,13426,12682
"전북특별자치도","63세",30883,15983,14900
"전북특별자치도","64세",28190,14324,13866
"전북특별자치도","65세",34959,17403,17556
"전북특별자치도","66세",33762,16521,17241
"전북특별자치도","67세",28763,14047,14716
"전북특별자치도","68세",27038,13454,13584
"전북특별자치도","69세",25525,12711,12814
"전북특별자치도","70세",24152,11831,12321
"전북특별자치도","71세",26139,12558,13581
"전북특별자치도","72세",20680,9878,10802
"전북특별자치도","73세",18057,8558,9499
"전북특별자치도","74세",19557,9184,10373
"전북특별자치도","75세",17296,8103,9193
"전북특별자치도","76세",19640,8901,10739
"전북특별자치도","77세",16384,7274,9110
"전북특별자치도","78세",16775,7428,9347
"전북특별자치도","79세",17499,7778,9721
"전북특별자치도","80세",11615,4998,6617
"전북특별자치도","81세",11856,4791,7065
"전북특별자치도","82세",11118,4306,6812
"전북특별자치도","83세",13255,4853,8402
"전북특별자치도","84세",14513,5124,9389
"전북특별자치도","85세",9784,3343,6441
"전북특별자치도","86세",9139,2964,6175
"전북특별자치도","87세",8599,2777,5822
"전북특별자치도","88세",7317,2210,5107
"전북특별자치도","89세",6292,1822,4470
"전북특별자치도","90세",5466,1440,4026
"전북특별자치도","91세",4467,1195,3272
"전북특별자치도","92세",3297,802,2495
"전북특별자치도","93세",2569,557,2012
"전북특별자치도","94세",1888,387,1501
"전북특별자치도","95세",1283,222,1061
"전북특별자치도","96세",939,168,771
"전북특별자치도","97세",696,134,562
"전북특별자치도","98세",493,78,415
"전북특별자치도","99세",313,46,267
"전북특별자치도","100세 이상",476,58,418
"경상북도","계",2494470,1263571,1230899
"경상북도","0세",10708,5563,5145
"경상북도","1세",10395,5415,4980
"경상북도","2세",9767,4983,4784
"경상북도","3세",10315,5326,4989
"경상북도","4세",10775,5519,5256
"경상북도","5세",11603,5962,5641
"경상북도","6세",12654,6415,6239
"경상북도","7세",14004,7264,6740
"경상북도","8세",15483,7986,7497
"경상북도","9세",17241,8757,8484
"경상북도","10세",19677,10108,9569
"경상북도","11세",20439,10627,9812
"경상북도","12세",20289,10428,9861
"경상북도","13세",21590,11259,10331
"경상북도","14세",22393,11662,10731
"경상북도","15세",23018,12025,10993
"경상북도","16세",21554,11295,10259
"경상북도","17세",21492,11405,10087
"경상북도","18세",22780,11955,10825
"경상북도","19세",21188,11417,9771
"경상북도","20세",19595,10799,8796
"경상북도","21세",19021,10561,8460
"경상북도","22세",19753,11320,8433
"경상북도","23세",18754,10820,7934
"경상북도","24세",19976,11683,8293
"경상북도","25세",22167,12915,9252
"경상북도","26세",23034,13504,9530
"경상북도","27세",22395,12959,9436
"경상북도","28세",23606,13476,10130
"경상북도","29세",24337,13772,10565
"경상북도","30세",25376,14516,10860
"경상북도","31세",25380,14552,10828
"경상북도","32세",25616,14578,11038
"경상북도","33세",25854,14392,11462
"경상북도","34세",26315,14453,11862
"경상북도","35세",24060,13076,10984
"경상북도","36세",24787,13623,11164
"경상북도","37세",24302,13442,10860
"경상북도","38세",24203,13063,11140
"경상북도","39세",25238,13242,11996
"경상북도","40세",26415,14165,12250
"경상북도","41세",26592,13993,12599
"경상북도","42세",29169,15214,13955
"경상북도","43세",33294,17201,16093
"경상북도","44세",36291,18767,17524
"경상북도","45세",36640,19306,17334
"경상북도","46세",37022,19422,17600
"경상북도","47세",34160,17877,16283
"경상북도","48세",33791,17545,16246
"경상북도","49세",34305,17988,16317
"경상북도","50세",35011,18169,16842
"경상북도","51세",37984,19635,18349
"경상북도","52세",41921,21634,20287
"경상북도","53세",42538,21977,20561
"경상북도","54세",42558,22336,20222
"경상북도","55세",45530,23913,21617
"경상북도","56세",44646,23248,21398
"경상북도","57세",47659,24580,23079
"경상북도","58세",46253,23562,22691
"경상북도","59세",44296,22823,21473
"경상북도","60세",45308,23736,21572
"경상북도","61세",45082,22973,22109
"경상북도","62세",42166,21807,20359
"경상북도","63세",48449,25138,23311
"경상북도","64세",46263,23680,22583
"경상북도","65세",55062,27896,27166
"경상북도","66세",52024,25718,26306
"경상북도","67세",46387,23259,23128
"경상북도","68세",42247,21379,20868
"경상북도","69세",41711,20877,20834
"경상북도","70세",39072,19290,19782
"경상북도","71세",38756,18650,20106
"경상북도","72세",32825,15731,17094
"경상북도","73세",33011,15657,17354
"경상북도","74세",32500,15119,17381
"경상북도","75세",23646,10959,12687
"경상북도","76세",25775,12056,13719
"경상북도","77세",26468,12281,14187
"경상북도","78세",24180,11068,13112
"경상북도","79세",21833,9646,12187
"경상북도","80세",12506,5461,7045
"경상북도","81세",16516,6607,9909
"경상북도","82세",17462,6468,10994
"경상북도","83세",20141,7246,12895
"경상북도","84세",18441,6524,11917
"경상북도","85세",14751,4922,9829
"경상북도","86세",13520,4405,9115
"경상북도","87세",12569,3784,8785
"경상북도","88세",10104,2859,7245
"경상북도","89세",8746,2340,6406
"경상북도","90세",7639,1975,5664
"경상북도","91세",6266,1459,4807
"경상북도","92세",4509,1059,3450
"경상북도","93세",3454,693,2761
"경상북도","94세",2560,524,2036
"경상북도","95세",1675,308,1367
"경상북도","96세",1192,188,1004
"경상북도","97세",849,130,719
"경상북도","98세",622,99,523
"경상북도","99세",392,45,347
"경상북도","100세 이상",582,83,499
"경상남도","계",3193742,1610982,1582760
"경상남도","0세",14723,7500,7223
"경상남도","1세",13795,7052,6743
"경상남도","2세",13179,6860,6319
"경상남도","3세",13848,7119,6729
"경상남도","4세",14459,7313,7146
"경상남도","5세",16060,8265,7795
"경상남도","6세",17890,9276,8614
"경상남도","7세",19835,10138,9697
"경상남도","8세",22285,11509,10776
"경상남도","9세",25181,13048,12133
"경상남도","10세",28584,14669,13915
"경상남도","11세",29946,15393,14553
"경상남도","12세",30271,15688,14583
"경상남도","13세",31701,16334,15367
"경상남도","14세",32984,16973,16011
"경상남도","15세",33891,17512,16379
"경상남도","16세",31187,16187,15000
"경상남도","17세",31411,16269,15142
"경상남도","18세",32959,17107,15852
"경상남도","19세",28993,15510,13483
"경상남도","20세",26290,14840,11450
"경상남도","21세",25106,14281,10825
"경상남도","22세",25141,14203,10938
"경상남도","23세",24273,13680,10593
"경상남도","24세",25682,14601,11081
"경상남도","25세",28948,16530,12418
"경상남도","26세",30634,17353,13281
"경상남도","27세",29584,16733,12851
"경상남도","28세",31256,17514,13742
"경상남도","29세",32582,18115,14467
"경상남도","30세",33628,18761,14867
"경상남도","31세",33609,18624,14985
"경상남도","32세",34554,18828,15726
"경상남도","33세",35757,19490,16267
"경상남도","34세",35637,19065,16572
"경상남도","35세",33417,17915,15502
"경상남도","36세",33900,18262,15638
"경상남도","37세",33389,17780,15609
"경상남도","38세",33036,17154,15882
"경상남도","39세",34190,17636,16554
"경상남도","40세",36644,19164,17480
"경상남도","41세",37706,19573,18133
"경상남도","42세",41912,21613,20299
"경상남도","43세",47357,24277,23080
"경상남도","44세",51423,26417,25006
"경상남도","45세",53346,27488,25858
"경상남도","46세",53955,27857,26098
"경상남도","47세",49702,25490,24212
"경상남도","48세",48355,24856,23499
"경상남도","49세",47780,24771,23009
"경상남도","50세",48384,24785,23599
"경상남도","51세",52694,26964,25730
"경상남도","52세",56735,29017,27718
"경상남도","53세",58761,30017,28744
"경상남도","54세",57736,29894,27842
"경상남도","55세",61538,31631,29907
"경상남도","56세",59908,30573,29335
"경상남도","57세",62876,31826,31050
"경상남도","58세",58784,29589,29195
"경상남도","59세",56483,28681,27802
"경상남도","60세",56555,29249,27306
"경상남도","61세",55086,27661,27425
"경상남도","62세",48457,24667,23790
"경상남도","63세",59012,30395,28617
"경상남도","64세",55271,27767,27504
"경상남도","65세",66875,32963,33912
"경상남도","66세",60161,29916,30245
"경상남도","67세",53779,26839,26940
"경상남도","68세",50241,25108,25133
"경상남도","69세",47872,23646,24226
"경상남도","70세",44764,21667,23097
"경상남도","71세",45482,21871,23611
"경상남도","72세",35539,17228,18311
"경상남도","73세",33805,15963,17842
"경상남도","74세",33871,15985,17886
"경상남도","75세",25772,11903,13869
"경상남도","76세",28261,13059,15202
"경상남도","77세",27002,12236,14766
"경상남도","78세",25980,11717,14263
"경상남도","79세",23550,10182,13368
"경상남도","80세",14452,6232,8220
"경상남도","81세",18816,7591,11225
"경상남도","82세",16841,6424,10417
"경상남도","83세",18465,6688,11777
"경상남도","84세",17674,6038,11636
"경상남도","85세",14688,4811,9877
"경상남도","86세",13066,4007,9059
"경상남도","87세",11686,3388,8298
"경상남도","88세",9163,2586,6577
"경상남도","89세",8444,2163,6281
"경상남도","90세",6986,1650,5336
"경상남도","91세",5565,1242,4323
"경상남도","92세",4279,879,3400
"경상남도","93세",3041,590,2451
"경상남도","94세",2386,418,1968
"경상남도","95세",1604,247,1357
"경상남도","96세",1175,140,1035
"경상남도","97세",854,139,715
"경상남도","98세",482,57,425
"경상남도","99세",350,44,306
"경상남도","100세 이상",516,56,460
"제주특별자치도","계",662680,331058,331622
"제주특별자치도","0세",3371,1713,1658
"제주특별자치도","1세",3279,1681,1598
"제주특별자치도","2세",3231,1604,1627
"제주특별자치도","3세",3518,1790,1728
"제주특별자치도","4세",3740,1921,1819
"제주특별자치도","5세",4127,2120,2007
"제주특별자치도","6세",4540,2321,2219
"제주특별자치도","7세",5152,2607,2545
"제주특별자치도","8세",5642,2914,2728
"제주특별자치도","9세",6110,3174,2936
"제주특별자치도","10세",6758,3463,3295
"제주특별자치도","11세",7035,3582,3453
"제주특별자치도","12세",6957,3539,3418
"제주특별자치도","13세",7062,3575,3487
"제주특별자치도","14세",7491,3872,3619
"제주특별자치도","15세",7483,3821,3662
"제주특별자치도","16세",6854,3584,3270
"제주특별자치도","17세",6842,3475,3367
"제주특별자치도","18세",6928,3583,3345
"제주특별자치도","19세",6466,3362,3104
"제주특별자치도","20세",5789,3190,2599
"제주특별자치도","21세",5649,3194,2455
"제주특별자치도","22세",5784,3181,2603
"제주특별자치도","23세",5573,2930,2643
"제주특별자치도","24세",5782,3144,2638
"제주특별자치도","25세",6734,3526,3208
"제주특별자치도","26세",7103,3804,3299
"제주특별자치도","27세",6772,3536,3236
"제주특별자치도","28세",7027,3627,3400
"제주특별자치도","29세",7383,3860,3523
"제주특별자치도","30세",7800,4097,3703
"제주특별자치도","31세",7891,4070,3821
"제주특별자치도","32세",8066,4264,3802
"제주특별자치도","33세",8466,4327,4139
"제주특별자치도","34세",8220,4212,4008
"제주특별자치도","35세",7416,3753,3663
"제주특별자치도","36세",7388,3735,3653
"제주특별자치도","37세",7102,3535,3567
"제주특별자치도","38세",7077,3525,3552
"제주특별자치도","39세",7480,3685,3795
"제주특별자치도","40세",8000,4058,3942
"제주특별자치도","41세",8374,4163,4211
"제주특별자치도","42세",9062,4461,4601
"제주특별자치도","43세",10446,5162,5284
"제주특별자치도","44세",11445,5740,5705
"제주특별자치도","45세",11480,5801,5679
"제주특별자치도","46세",11343,5666,5677
"제주특별자치도","47세",10575,5299,5276
"제주특별자치도","48세",10033,5088,4945
"제주특별자치도","49세",10510,5451,5059
"제주특별자치도","50세",10057,5255,4802
"제주특별자치도","51세",11069,5835,5234
"제주특별자치도","52세",12259,6300,5959
"제주특별자치도","53세",12298,6281,6017
"제주특별자치도","54세",12412,6353,6059
"제주특별자치도","55세",13051,6716,6335
"제주특별자치도","56세",12214,6368,5846
"제주특별자치도","57세",12252,6328,5924
"제주특별자치도","58세",11898,6133,5765
"제주특별자치도","59세",10668,5567,5101
"제주특별자치도","60세",11194,5828,5366
"제주특별자치도","61세",10443,5361,5082
"제주특별자치도","62세",10012,5127,4885
"제주특별자치도","63세",11216,5770,5446
"제주특별자치도","64세",10020,5025,4995
"제주특별자치도","65세",10577,5241,5336
"제주특별자치도","66세",10438,5170,5268
"제주특별자치도","67세",9424,4709,4715
"제주특별자치도","68세",8732,4324,4408
"제주특별자치도","69세",8041,3952,4089
"제주특별자치도","70세",7632,3707,3925
"제주특별자치도","71세",7908,3729,4179
"제주특별자치도","72세",5862,2767,3095
"제주특별자치도","73세",5395,2488,2907
"제주특별자치도","74세",5255,2481,2774
"제주특별자치도","75세",4692,2182,2510
"제주특별자치도","76세",4471,1958,2513
"제주특별자치도","77세",4825,2192,2633
"제주특별자치도","78세",4696,2135,2561
"제주특별자치도","79세",4489,1951,2538
"제주특별자치도","80세",3615,1578,2037
"제주특별자치도","81세",3490,1483,2007
"제주특별자치도","82세",3415,1343,2072
"제주특별자치도","83세",3267,1323,1944
"제주특별자치도","84세",3194,1182,2012
"제주특별자치도","85세",2875,1020,1855
"제주특별자치도","86세",2479,844,1635
"제주특별자치도","87세",2293,736,1557
"제주특별자치도","88세",1988,624,1364
"제주특별자치도","89세",1676,486,1190
"제주특별자치도","90세",1473,419,1054
"제주특별자치도","91세",1253,321,932
"제주특별자치도","92세",1035,242,793
"제주특별자치도","93세",822,159,663
"제주특별자치도","94세",586,108,478
"제주특별자치도","95세",377,62,315
"제주특별자치도","96세",352,46,306
"제주특별자치도","97세",202,31,171
"제주특별자치도","98세",152,9,143
"제주특별자치도","99세",87,10,77
"제주특별자치도","100세 이상",193,14,179
